filename,gpt_topics
UCSB01,"- Undergraduate data and statistical literacy
- Teaching with discipline-specific datasets and software
- Critical interpretation of graphs and statistics
- Research ethics and data integrity
- Inclusive mentorship and undergraduate research opportunities"
UCSB02,"- GIS and geospatial data instruction
- Data discovery and repositories
- Software-based data analysis
- Student data interpretation and synthesis
- Teaching data pedagogy and support"
UCSB03,"- Data analysis and wrangling instruction
- R programming and student digital literacy
- Remote teaching and technical support
- Real-world datasets and data access
- Student collaboration and computing resources"
UCSB04,"- Hands-on undergraduate data collection and analysis
- Spreadsheet skills and data literacy
- Student struggle, troubleshooting, and problem-solving
- Field research and student engagement
- Data ethics and access to tools and resources"
UCSB05,"- Computational social science
- Big data and data analysis instruction
- Data ethics and societal impacts
- Data visualization
- Teaching coding and data skills"
UCSB06,"- Undergraduate statistical literacy
- SPSS-based data analysis
- Conceptual interpretation of statistics
- Student math anxiety
- Undergraduate research and data collection"
UCSB07,"- Survey research methods pedagogy
- General Social Survey and secondary data
- Questionnaire design and data collection
- Quantitative literacy and data analysis
- Student support and curriculum development"
UCSB08,"- Statistics education
- Data literacy and interpretation
- R programming
- Real-world datasets
- Student anxiety and confidence with data"
UCSB09,"- Quantitative data literacy
- Critical data interpretation
- Teaching infrastructure and resources
- Equity in methodological training
- Interdisciplinary curriculum design"
UCSB10,"- Undergraduate quantitative methods instruction
- Survey data analysis (GSS)
- SPSS coding and data skills
- Sociological research and communication
- Teaching resources and technical support"
