interview,chunk_id,Critical Data Literacy,Scaffolding Novice Learners,Learning Software Alongside Data,"Authentic, Contextualized Datasets",Interpretation Beyond Procedures,Uneven Resources and Support,chunk_preview
UCSB01,1,1,0,0,0,1,0,"Okay, well, I teach data analysis and [discipline redacted] for undergrads. I also teach it for graduate students, and I cross list them often. And so, grad students and undergrads are in there together. In general, well..."
UCSB01,2,0,0,0,0,1,1,"Yeah, I teach it that way, every other year, because the grad students have a much higher bar in terms of the assignments and what I'm expecting in terms of interpretation, and meaning after they do all the statistics. S..."
UCSB01,3,1,1,0,1,1,0,"I have all of the data that they get. So, there are specific assignments for different types of modules that they have to use. And I provide the data set, because it's [discipline redacted] data. And I don't want them wo..."
UCSB01,4,0,0,0,0,0,0,"I upload everything to our UCSB platform Gaucho space, and they download everything from there...."
UCSB01,5,0,0,0,0,1,0,"I have been working with the same datasets for a while, because they produce the patterning, I want the students to see. And any other data that I could pull in may not actually produce the patterning that they're suppos..."
UCSB01,6,0,1,1,1,0,0,"I think there are plenty of good data sets. And various reports, there's no doubt about that there is a lot of data available. And I've scoured those reports. And you know, every year, so I change up one week, as well, t..."
UCSB01,7,0,1,1,0,0,1,"Yeah, I teach them how to use and manage the tool. And that's why there are step by step instructions and the assignments to sort of explain a lot of these things to them. I was using Stata, I used it for years, there wa..."
UCSB01,8,0,1,0,0,0,1,"Oh, it varies. First, it really does. Some of them come in with, you know, more of a math background, or have had statistics classes before some of them come in with an [discipline redacted] background. And so, the assig..."
UCSB01,9,1,1,0,0,1,0,"Well, we spend a whole week just looking at tables and figures that I throw up on the screen. I first start by having like a 30 minute presentation to where I'm showing them where we talk about the elements of a graph. S..."
UCSB01,10,1,1,0,1,1,0,"Absolutely. And that's why I've just finished redesigning a course that I'm teaching in the fall completely and utterly. In order to address that. In terms of the data analysis class, I have already thought about redesig..."
UCSB01,11,1,0,0,1,1,0,"Let me think about that. So now, if we look outside the field and within academia in general, one thing that is, you're hearing more about. I'm sure it has happened throughout time. But people are actually being more jus..."
UCSB01,12,1,0,0,0,1,0,"Yes. And, you know, data analysis is never truly complete. You reach a point where like, okay, I'm ready to publish, but it's never complete. And so, you always have to reevaluate things, if they agree...."
UCSB01,13,1,1,1,1,0,1,"Sometimes, yes. Not always. But yes, sometimes this past year I had. I had an [professional group redacted] from [name of the institution]. And he is one of the issues in [discipline redacted] right now is data curation...."
UCSB01,14,0,1,0,1,1,0,"Yes, some of them definitely are. So let me think. So I have other upper division classes I teach. And the students in my class that have already taken my data analysis class, like if they have a project, where they have..."
UCSB01,15,1,1,0,0,1,0,"Oh, let's see. Okay, so I'm in these other classes I have, you know, if I throw something up on a slide, and I'm like, What does this mean? And then nobody responds, I will say ‘Okay, come on, those of you who are in my ..."
UCSB01,16,0,1,0,0,1,0,"I've taught this. This is the whole point, we want to understand the past. So, you've got to push it, my students can rewrite their assignments until they get an A, if they want to do it four times, that's fine. As long ..."
UCSB01,17,0,0,0,0,0,0,"So, in that regard, the class also becomes less daunting, and they can perceive it as you know, something they can accomplish, that they can get through. It's not scary. Because of you know, you think math fears people t..."
UCSB01,18,1,1,1,1,1,0,"Even though my degree, my BA did not have a requirement for math, I nevertheless took a statistics course for [discipline redacted] that was offered. And that was really key, but I didn't really know how to really apply ..."
UCSB01,19,1,1,1,0,1,1,"Oh, yes. I mean, oh, when we took that class, all of us, like, first, I don't know, like two cohorts of [profession redacted] got together. We had a computer lab for the [professional group redacted], and we would all ba..."
UCSB01,20,0,0,0,0,0,0,"Okay, so another thing I also tell them, I say, “You guys can work together, as long as you don't work on your write ups together”. Okay, work on the analysis and figuring things out”. So yeah, it's not that they don't h..."
UCSB01,21,0,0,0,0,0,1,"No, because everyone else is clueless, I was hired to do this. And evidently, when they interviewed people for this job, that was one of the key things, so I showcase all my quantitative skills in my job talk. You know, ..."
UCSB01,22,0,0,0,0,0,0,"I, you know, I share all of my course materials with my students that they ask. Okay, they just have to ask, they ask I will share...."
UCSB01,23,0,1,1,0,0,1,"Training us on programs! Training us on new programs! It takes a long time to figure out a new program. And I would love it if there was some sort of, I don't know, three week workshop on how to use R, something like tha..."
UCSB01,24,0,0,0,0,0,1,"Well, I can say that I've deeply dedicated [myself to] undergrads instruction, and undergraduate experience. I've been the [redacted position] for my department for years, and [redacted position] undergraduate council at..."
UCSB01,25,0,0,0,0,0,1,I got this email from this high school kid who is going to be a junior. It's clear from his name that he is [cultural background redacted]. I just can't tell you how hard it is to find students that are not white in [dis...
UCSB01,26,0,0,0,0,0,0,"Yeah...and I was like, wow, you know, I just, that just is very exciting for me. So, I have to say that yeah, I really, I really interact with, with young students, like with undergrad students, I may actually start recr..."
UCSB02,1,0,1,1,0,0,0,"So yeah, so like, well, so basically, I guess that I, so the primary for undergraduate data classes, so far that I've talked, I primarily have been teaching a [class field redacted] class. And a lot of my sort of researc..."
UCSB02,2,0,1,0,0,0,0,It’s usually a combination of searching and identifying and I provide some data for them. Pretty rare that… only a graduate student would be able to provide their own data. An undergraduate student typically there’s no w...
UCSB02,3,0,1,0,1,0,0,"So usually what ends up happening, you know for these [class field redacted] classes is I’ll give them a list of potential repositories for data and they sometimes… depending on their… you know, the majority of the stude..."
UCSB02,4,1,1,0,0,0,0,"Not really. There's two places that I see challenges. One of them isn't a challenge, the other one is…One place there is a challenge, the other place there isn’t. There isn’t a challenge in the sense that there are plent..."
UCSB02,5,1,1,0,1,0,0,"On GauchoSpace. Usually what ends up happening is … the reason why… my choice is usually to try to get them to go and get the data themselves off of a repository to get them used to that idea. But, if I provide data the ..."
UCSB02,6,0,1,1,0,0,0,The entire course is taught using Q-GIS. All the data analysis happens in Q-GIS and then there’s one extra assignment that’s a kind of extra credit assignment where I try to get them to use Grass. It either can operate a...
UCSB02,7,0,0,1,0,0,1,Well. Yes and no. The whole point of the class is for them to learn how to use the software in addition to how to use the data that they use in the software. It’s a challenge in the sense that the class is a challenge an...
UCSB02,8,0,0,0,0,0,0,"There are some challenges...In terms of really getting…Usually they do ok with getting something out of it. They are able to export and create maps, I mean so it is all mapping software, right? So they are able to, there..."
UCSB02,9,1,1,1,1,1,0,"Ultimately the class is sort of understanding [discipline topic redacted]. In the class I end up having all of these different lab assignments, which is the core work they end up doing in those core assignments as they a..."
UCSB02,10,0,0,1,0,0,0,"Yeah. Ultimately the goal with it, within research, certainly within archeological research, but then just more broadly [disciplinary approach] research, you end up using [topic redacted] all the time. So, if one of thes..."
UCSB02,11,1,0,0,1,1,0,"The one thing I’ll say… So, right now, one of the things that I’m working into my class is some subject matter that has to do with or is related to [social movement redacted] teaching and trying to highlight how we might..."
UCSB02,12,1,0,0,0,0,0,"No. Right now there isn’t...well there are some ethical challenges that could exist. But I avoid them. You know, where ethical challenges potentially come up really have to do with using let’s say indigenous information ..."
UCSB02,13,0,0,0,0,0,1,"So right now I do it all myself. The nature of the class is it’s only, well I think there’s about 25 students enrolled in it and within the way the university does things they don’t give me a TA or anything for that, so ..."
UCSB02,14,0,1,1,1,1,0,It ends up being one of these things where there’s certainly a lot of just conversation throughout the course...when there are sort of things or places that there would be...it would be useful for them to consider talkin...
UCSB02,15,0,0,0,0,0,0,"Yeah, some do. I think that it's a Oh, it's very hit or miss, it depends on how engaged the students are really, you know, some students are more engaged than others. And so if the students are more engaged, certainly ar..."
UCSB02,16,0,0,0,0,0,1,"It's ease of availability is really and even...the sort of awareness. I think that, you know, in terms of a lot of graduate school, or sort of things that are more directly associated with graduate school I haven't seen ..."
UCSB02,17,0,0,0,0,0,0,"I use other...so the basis with the class, you know, I mean, it's almost any class I teach, I always look to other syllabi, to get some ideas of how it's taught. And so I certainly use some other syllabi by of how a clas..."
UCSB02,18,0,0,0,0,0,0,"Well, I don't have, I don't have a big public website where I post all the material, but if somebody asked for it, I certainly would make it available to others...."
UCSB02,19,0,0,0,0,0,0,"Well, I think that there's the trend in the field is sort of broadly one where people are interested in like anything digitally, I sort of attach the word digital to it, and people are all of a sudden, more attracted to ..."
UCSB02,20,0,1,0,0,1,0,"Yeah, I think I mean, to me, so I'll tell you, like my, like, where I have the hardest time or….but and this is actually I mean, this is, you know, this is what is this taking also sort of admitted this extends from a ve..."
UCSB02,21,0,0,1,0,0,0,"No, think it was a pretty wide ranging conversation. I think that. Having some kinds of, you know, resources that are specific to teaching data are, would be, it is sort of like an interesting one. I'll just say that, li..."
UCSB02,22,1,1,1,0,1,1,"In a more ideal setting, I think that I would spend more of the first quarter teaching the software and the second quarter would be more on sort of the data analysis, you know, so you're able to go from, because the chal..."
UCSB03,1,0,0,0,1,0,0,So I've taught two different undergraduate courses here. The first one is [course redacted]]. And I'm not teaching that this year but I have a lot in the past. And this is basically the application of statistics in [disc...
UCSB03,2,0,1,1,0,1,0,"In the introduction to [class redacted], we teach statistical or [disciplinary approach redacted] techniques. And we then give them some mild instruction on using an [disciplinary approach redacted] software package. We ..."
UCSB03,3,0,1,1,0,1,0,"Yeah. Very, this is going to be, may sound a little strange, but students seem to be decreasingly computer savvy. And I think some part of this is the shift to everybody being on cell phones all the time. But I have had,..."
UCSB03,4,0,1,0,0,1,0,"Yeah, I mean, that's really true, but I think I'm saying there was actually something a little bit more to it. In a lot of courses, you're shown some material, and you're then asked to be able to feed that material back ..."
UCSB03,5,0,1,0,0,0,1,"Well right so we're having students, we're very fortunate that Google donated computer time and so we have a server running in a Google Cloud, and students write code on that. And then they have to push a button marked e..."
UCSB03,6,0,0,0,0,0,0,"Yeah, I think that's right. And this is something which has sort of surprised me because I just assumed that over time, more and more people would be computer savvy, and it does not seem to be going that way...."
UCSB03,7,0,0,0,1,0,1,"Yes, so we do find some challenges. So I try very hard to use real data, rather than toy examples. And because it's their [discipline redacted] classes we typically use [discipline redacted] data or business data but mos..."
UCSB03,8,0,0,0,1,0,1,"Right. I should say that this has been a big change in [discipline redacted] research, more and more people have been doing things to get access, sometimes confidential from industry sometimes from governments. But when ..."
UCSB03,9,0,0,0,1,1,1,"No, you know,[name redacted]. He runs the, I don't remember the name of it but institutional research. Great guy is actually a [PhD graduate] originally I think I saw years ago. He basically gave me data on all the stude..."
UCSB03,10,0,0,0,0,0,1,"Okay, so in the [discipline redacted] that I'm not teaching at the moment, we use Eviews, which is an [discipline redacted] software package. We certainly do not expect them to have any background in using it whatsoever...."
UCSB03,11,0,0,0,0,0,0,"No, no, no, no, they're their upper division courses, the [discipline redacted] is a required upper division class. And this new class I'm teaching is an [course level redacted]...."
UCSB03,12,0,0,0,0,0,1,"So, so, right. So, using Eviews, which is widely used all around the country for the thing. Some of the other programs which people might substitute for STATA. I use Eviews because I think it's better, I’m familiar with ..."
UCSB03,13,0,0,0,0,0,0,"It's kind of like Slack, except that it's apparently FERPA compliant. The event, since the term began for this course, We've had 1800 messages from students there...."
UCSB03,14,0,1,0,0,0,0,"Yeah, which in some ways is great. So, we have actually three undergraduates who are each spending I don't know something like 10 hours a week, hanging out to answer questions from the students, and that's invaluable. On..."
UCSB03,15,0,0,0,0,0,0,"Yeah, yeah, we, I mean, we couldn't do the course without what they're doing for us...."
UCSB03,16,0,0,0,0,0,1,"So, I've been fortunate because my department chair has just been very supportive of giving us the resources we need to make this work...."
UCSB03,17,1,0,0,0,1,0,"Alright, so the next question I have here is how do the ways in which you teach with data relate to the learning goals in your field? Do you teach them to think critically about the sources and uses of data or other spec..."
UCSB03,18,1,0,1,0,1,0,"One of the things in the [course redacted] that is very central is to help students, let me give you the cliche version which is that correlation does not imply causation. And trying to get that through to people is unbe..."
UCSB03,19,0,0,1,0,0,0,"No, we don’t. We, internally, we're using GitHub, but we've stayed away from it as one too many tech tools to teach...."
UCSB03,20,0,0,0,0,0,1,"Well we've had very little push of any kind, the push we have had was sort of on the level of R. Now the computer science department teaches Python which I think clearly is the right decision. Because that's a very good ..."
UCSB03,21,0,1,0,0,0,0,"Yeah, I want to say that the actual programming in this course is pretty minimal to somebody who knows how to program. So, it's like the next to last lecture or something that we're going to explain to them what a loop i..."
UCSB03,22,1,0,0,1,0,0,"No, only one, and I'm not quite sure this is responsive, but I do make an attempt to see to it that there are examples that are I guess I'll use the word inclusive. I'll give you an example of what we're doing in this ne..."
UCSB03,23,0,0,0,0,0,0,"I would say, anonymization. I can't think of really other ethical things that I would call ethical challenges...."
UCSB03,24,1,0,0,1,0,0,"Yes, very often about individuals. So, in the [discipline redacted], a number of the examples I use data with from what's called the Current Population Survey. You probably know about that. And I often do things like gen..."
UCSB03,25,0,1,0,0,0,0,"We always have graduate teaching assistants, who play an incredibly important role in meeting with sections, you know, answering student questions, that sort of thing...."
UCSB03,26,0,0,0,0,0,1,"The [discipline redacted] is typically 200. And this new class, I think we're down to about 165. Some of the students decided to drop out, which I can understand. Yeah, and so the new one, one of the things that's going ..."
UCSB03,27,0,1,0,0,0,1,"Well, in the [discipline redacted] they typically are not, I mean the graduate students and me, will have office hours. And students are certainly, you know, welcome to go to the office hours and they generally don't. In..."
UCSB03,28,0,1,0,0,0,0,"But you know there's no substitute for personal contact. Yeah, it's no great substitute, and, you know, being able to sit down in front of a computer screen and say, here's what I did, I don't know what's going on, what ..."
UCSB03,29,0,0,0,0,0,0,"Not that many of them show up, but more show up than used to show up for office hours...."
UCSB03,30,0,0,0,0,0,0,Yeah. So one of the things which nearly is I can tell from what my students are explaining to me on how they've arranged the technology. So I don't know if you know UCSB uses a product called Gradescope for grading. And ...
UCSB03,31,0,0,0,0,0,0,"Yeah. And, but part of what this is, this is a place where students can actually upload their programs. And the idea is the machine will grade it but it also turns out it means that the teaching assistance, and my staff ..."
UCSB03,32,0,1,0,0,0,1,"I don't know, I mean I will say, one of the other things we did as it was one of the, my students who suggested this something called I think Groupme, where we set up something with the students can actually get together..."
UCSB03,33,0,1,0,0,0,0,"Well, we've been encouraging them, and this is sort of new because again, this is the first time we've done this course and we're sort of learning. One of the things we're learning is that getting started doing this is e..."
UCSB03,34,0,0,0,0,0,0,"I'm not quite sure how to answer that. I've helped develop some software. I mean, you know, developing techniques for statistical analysis is a half or two thirds of what I do for a living...."
UCSB03,35,0,0,0,0,0,0,"No, I mean I you know, I never programmed in R more than about three lines before teaching this course so you know I went out and bought some books and learned and taught myself...."
UCSB03,36,0,0,0,0,0,0,"Yeah, I, you know I watched some online videos that I thought were useful. You know the folks who do R studio have lots of good resources...."
UCSB03,37,0,0,0,0,0,1,"It's very clear, it's the tech support sort of not generic but focused for people helping create the course and create all the technical stuff we need for the course. And then the other issue is access to computing facil..."
UCSB03,38,0,0,0,0,0,0,"That's very true. And they may, I mean how far they've come in six months is amazing...."
UCSB03,39,0,0,0,0,0,1,"Right. And you know, let's assume that next year, this will all be over and we'll be back in person which will be great, but then we're back at the issue of computer labs and things like that, where students can get toge..."
UCSB03,40,0,0,0,0,0,1,"I mean, the letters and sciences actually runs a whole bunch of the labs and have a, well not a very good website telling you where they are when they're open and what they have. And then of course different departments ..."
UCSB03,41,0,0,0,0,0,1,"And again, a lot of this was we have some donors who have given us some money to do some of it so you know we're fortunate in that way...."
UCSB03,42,0,0,0,0,0,0,"No, no, I, I think you've covered most of the stuff. I guess I should say, by way of background. That [professional redacted] typically do not do huge amounts of original data collection...."
UCSB03,43,1,0,0,0,0,0,We tend to use data that somebody else's collected. There are exceptions to that. My daughter is an [professional redacted] and runs a survey crew in [country redacted]. But that's why some of my answers might be differe...
UCSB04,1,0,0,0,0,0,0,"Okay. So, there's a variety of courses that I've taught here at UCSB but I've only ever taught here at UCSB. So, I've tried a couple of different types of courses, so I have a larger, upper division undergrad course, whi..."
UCSB04,2,0,0,0,0,0,0,"And that's very small, it's undergrads but only those who are in the university wide Honors Program whatever that distinction is there with the department level Honors Program. So, in the large upper division undergrad c..."
UCSB04,3,1,1,0,1,1,0,"Yeah, well I figured just for context that could be helpful. So, the data that I collect is on [redacted]. However, when it comes to publishing, I will then sort of, whenever possible, get additional sources of data. For..."
UCSB04,4,1,1,0,1,1,1,"So, Yeah, I mean there's this push and pull of getting them interested in the observations, the hypotheses. Thinking constructively about the patterns that are being observed. And at the same time I feel kind of like a h..."
UCSB04,5,1,1,1,1,1,0,"Yeah, okay. So, for the other seminar. I teach them the methods for collecting the data and then we go outside and they have pieces of paper. Basically tables that they fill out while they're observing animals so they ar..."
UCSB04,6,0,0,0,0,0,0,"Oh god no, it sounds simple and for some reason it's just absolutely not. So, I should also say that for the honor seminar, I take a little bit of glee in that it's a bait and switch. So the course is called [discipline ..."
UCSB04,7,0,0,0,0,1,0,"And I have a deep love of data, and my perspective is that it changes how you think. And if they just go through a series of steps, they haven't, you know, made a wrong turn, they haven't understood why it's wrong to do ..."
UCSB04,8,1,1,0,0,1,0,"Yeah, Yeah and you know we do have another course. So, again, the honor seminars outside of my department but in my department, specifically in my unit of the department, there's a lower division undergrad course which i..."
UCSB04,9,0,0,0,0,0,0,"I actually have not taught that course, so I don't, I personally don't really understand why the honor seminar, I think, seems to be a little bit more effective in that regard. I mean maybe it is a struggle that they go ..."
UCSB04,10,0,1,0,0,1,0,"Well so when I say data I guess it's more figures, and in all, it's not the raw data, in that sense, they're a bit more removed from the process in that respect, so they're seeing more the, the final product. Or I'll say..."
UCSB04,11,0,0,0,0,0,0,"Yeah, and it's not that I'm being excessively cynical about UCSB students. I remember as an undergrad I did take a statistics course and absolutely none of that made sense to me, even during the course...."
UCSB04,12,1,1,1,1,0,1,"And I did an honors thesis when I was an undergrad, and I had to relearn everything. Basically, there was a grad student who had to use entirely different words and concepts to teach me. And it was frustrating that of co..."
UCSB04,13,1,0,0,0,1,0,"Yeah. So, they do all have that. And I think that that part is almost as important as learning how to chunk the data, calculate averages and either standard deviations or standard errors of the mean and then graphing it...."
UCSB04,14,0,1,0,0,0,0,"They have the syndrome where they kind of can't control their hands. I don't know if you've ever seen this but they, when they're not quite sure what to do or they're not, they may be a little distracted, their hands are..."
UCSB04,15,0,1,0,0,1,0,"And, you know, start over. Tell me the steps and why you're doing each step. But there's this physical feedback with the hands and flipping around that I can't even wrap my head around. I mean, I don't know where that co..."
UCSB04,16,0,0,1,0,0,0,"And you know it's one thing to sort of click around between programs but even within like if they're using Excel, they seem to not initially grasp the difference between a click, click and drag, a double click. All kinds..."
UCSB04,17,0,0,0,0,0,0,"It's a subset of the goals, and I think this is why in some of my classes I don't have them working with data at all, because those are a different set of goals, and the classes where I have integrated data, especially t..."
UCSB04,18,1,1,0,1,1,0,"So, enrollment was flagging within [discipline redacted], for this particular course, and so I made a flyer, and I distributed that all over campus so that's why I have more. Departments represented in the courses, this ..."
UCSB04,19,0,1,0,0,0,1,"Absolutely. The way that I teach them is very hands on for them and hands on for me because I have to do so much troubleshooting with them, you know, dealing with the frustration dealing with the inadvertent effects of t..."
UCSB04,20,0,0,0,0,1,0,"So the skills that I'm hoping that they learn that they can then apply to future jobs or studies is more about how do they figure out how to deal with a problem. Right, so maybe they're never again going to need to calcu..."
UCSB04,21,0,0,0,0,0,0,"I don't think that I've really seen policy changes. It's more for me, it's less of a temporal change and more of a difference between organizational units so my department versus the honors program right like there's a d..."
UCSB04,22,0,0,0,0,0,1,"Just in the sense of course size. So I would really have to justify teaching such a small class within [discipline redacted], and it's not that we have a ton of majors, but we don't have enough classes for the majors tha..."
UCSB04,23,1,1,0,0,0,0,"I don't know of any instances personally but I wouldn't be surprised if there were some just because. So, you know, again I'm an animal behavior researcher. I don't really study humans. But my colleagues do study humans,..."
UCSB04,24,1,0,0,1,1,1,"Yeah. Now the lab course. I've only taught that once. It was, it's something that we're supposed to now be teaching every year but we're trying to hire an instructor for that but the course is quite a lot of work. And in..."
UCSB04,25,1,1,1,0,0,0,"Well, that would be one option but I for various reasons I have them working in small groups within a small group they do see each other's data and typically in class what was happening is that, you know, a student would..."
UCSB04,26,0,0,0,1,0,0,"Yeah. Yeah. And you know, on the one hand, even if there's nothing unusual in the data, you know students might be hesitant, or think twice about showing the results of the class. On the other hand, they are so deeply in..."
UCSB04,27,0,0,0,0,0,0,"Yeah, yeah. And even when they don't understand something they want to understand it. Because theirs, you know...."
UCSB04,28,0,0,0,1,1,0,"But I thought I'd say one last thing there, so because we're starting off with urine samples. You know, they're starting with a pool of students who are not grossed out by this stuff right. They are happy to talk for hou..."
UCSB04,29,0,1,0,1,0,1,"So, when I'm doing the bulk of it, because the data intensive courses are small, I don't have a TA. However, during that honors seminar where the students observe animals on campus and then collect data and analyze it. I..."
UCSB04,30,0,0,0,0,0,0,"Yeah, I think it was a subject like librarian but, and so the last time I taught that course was, Oh gosh. So, this year's 2020-2021. It would have either been early 2019 or late 2018 because last year I was on sabbatica..."
UCSB04,31,0,1,0,0,0,0,"Now every time I teach the course we do at least go to the library for one of the class meetings, maybe two, and then my reason for that as each year I'm horrified, I ask the students, How many of you have ever gone to t..."
UCSB04,32,0,0,0,0,0,0,"And then I say okay so you've checked a book out. Did you check the book out from this library, and they say no, they check the book out from their public library back home...."
UCSB04,33,0,1,0,0,0,0,"I say okay so for all of you guys regardless of whether you've checked a book out. How do you figure out what book to check out, and they're like well we don't look for books, because, you know, unless it's online we don..."
UCSB04,34,1,0,0,0,1,0,"Yeah. Yeah. And part of the reason that I have them go through this whole process is not just that, you know I want them to have the experience of checking out a book and holding a book in their hands and looking for inf..."
UCSB04,35,1,1,0,1,1,1,"Yeah, well, and this is a field where people were observing animals for decades, right before stuff went online and a lot of that stuff is in books, it's not even in journal articles. And those books have not been digiti..."
UCSB04,36,0,0,0,0,0,0,"Yeah, yeah, no I mean I, I've never had more, I mean that's a small class right but this is the class I've taught most often, actually...."
UCSB04,37,0,0,0,0,0,0,"So, no, no. I've never met a student who had attended something that was not basically a formal class right for course credit, and of the students in the class, you know, over the many quarters, only one or two had ever ..."
UCSB04,38,0,1,0,0,0,0,"Yeah, exactly. And so it's easier for them to sort of get involved with it and then for me to say, guess what guys you're actually doing statistics and they go, No. And, you know, I have them doing this because I want th..."
UCSB04,39,0,0,0,0,0,0,"So in the honor seminar, not really because you know that it's not actually a full credit course right it's only two units instead of four. So even there, I don't really give them much in the way of homework or readings...."
UCSB04,40,0,0,0,0,0,0,"Yeah, so at UCSB just the last, I guess couple years so, so this year I did one of those data carpentry workshops for Python right, done a workshop for R, and I'm frustrated with myself because it didn't stick, but the r..."
UCSB04,41,1,0,1,0,1,1,"Yeah, no I mean that's that's absolutely part of it I'm, I'm really short on time right so it's not like I have the luxury of doing a 12 hour dive into any one new software, or language. But maybe this is just a quirk of..."
UCSB04,42,1,1,1,0,1,0,"Exactly. And I think that when they learn how to do the analysis using Excel where they're actually looking at the numbers, it's a lot easier to catch those mistakes. So, I'm torn because I feel like a Neanderthal for no..."
UCSB04,43,0,0,0,0,0,0,One of my goals during my sabbatical was to spend some time with R and that did not happen. That's my own fault....
UCSB04,44,0,0,0,0,0,1,"So, let's see. For my big upper division undergrad course I inherited the lectures from somebody else. And there are problems with them, and I keep meaning to make it my own and fix all those problems but that lack of ti..."
UCSB04,45,0,0,0,0,0,1,"So the thing that I'm frustrated with every year, and that it would be lovely if there were a better workaround for this. When students are doing the deep dive into data so they're collecting the data, entering, analyzin..."
UCSB04,46,0,0,0,0,0,0,"Yeah, welcome to UCSB. So yeah, there's probably a workaround for that. But I think that's the one thing that sort of immediately comes to mind. I do keep the course kind of basic and lo fi, just because I don't want to ..."
UCSB04,47,0,0,0,0,0,0,"So, you know if there's ever a push to make that sort of sort of like a universal curriculum aspect of having students working with data from the beginning of their time in college, I'd be 1,000% behind that...."
UCSB04,48,0,1,0,0,1,0,"And I know I said this at the beginning of the interview but it's worth repeating, working with data changes your brain. And the students appreciate it once they've been sort of pushed into that experience or, you know, ..."
UCSB05,1,1,1,1,0,1,0,"Yeah, so, my current and past research focuses on [redacted field] is specifically around the area of human information behavior. And basically how people look for information how they seek it would they do with it, how ..."
UCSB05,2,0,1,0,0,0,0,"I do, and I introduced… I obtained a couple of data sets. We talked about also how one might obtain data sets as well so I talked them about some of the technicalities around. Finding data online using web scraper techno..."
UCSB05,3,0,1,1,0,0,0,"That is correct. And I would have liked to experiment with having them, collect the data themselves or like a [unintelligible] exercise. However, when I came up with this class, I was slated to teach it in the spring las..."
UCSB05,4,0,1,0,0,0,0,"Yeah, yeah exactly and the variability I found with these students who are social science students, mostly [discipline redacted] majors, the variability is very big, in terms of how easily they use technology. Some of th..."
UCSB05,5,0,0,0,0,0,0,"Yeah, yeah that sense of that sense of experimentation isn't always there with undergrad students...."
UCSB05,6,1,1,0,1,0,0,"Yeah, so, no it's not difficult to find data sets online so many sources. And, and, yes, eventually I did have to groom the data set, as you said, mostly just by taking out categories of the data like taking out fields, ..."
UCSB05,7,0,0,0,0,0,0,"Yeah, both this one and the social networks course in [redacted course], are both upper division, and we get at minimum, 80 students, maybe up to 100, 110. So, yeah, average about 100 students...."
UCSB05,8,0,0,0,0,0,0,"it's just lecture based. There is no lab with this, it would have been fantastic. but no...."
UCSB05,9,0,1,0,0,0,1,"Um, so the exercise that I give them is...let me think, because I didn't know how many of them had access to Microsoft Excel. It's nice to assume that everyone can get that because actually I think they can get it for fr..."
UCSB05,10,0,1,0,0,0,0,"But you know the [discipline redacted] department is actually very quantitative oriented. And a lot of the professor's there, you know their research is very quantitative, and they really push their students to know this..."
UCSB05,11,0,1,0,0,0,1,"No. A: it's close enough. B: what I was trying to avoid was giving them too much information and getting them confused because I know from past experience when I show them different tools, when my goal isn't to really te..."
UCSB05,12,0,1,0,0,1,0,"No. Well, I did not question their background on using Google Sheets, I believe, there's no study for this but anecdotally, and from personal experience, most of these undergrads by the time they're seniors, they've used..."
UCSB05,13,0,0,1,1,1,0,"For this class, but for example I've taught workshops for grad students on data acquisition from social media. And I've shown them how to do it, using an API to get tweets. And I showed them how to do that using R and I ..."
UCSB05,14,0,0,1,0,1,0,"Yeah, I would really like to do more with data visualization beyond just simple generation of bar charts and pie charts and scatter plots, which is really what a tool like Excel or Google Sheets that's really all they ca..."
UCSB05,15,0,0,0,0,0,0,"Yeah, yeah, and I'd love to compare notes with you and if you have that class syllabus somewhere. I'd love to take a look at it...."
UCSB05,16,0,0,0,0,0,0,"So, yeah, I found this really great textbook that I photocopy the chapter and have them read it it's by Andy Kirk on data visualization, and it really just encapsulates all these different interdisciplinary areas that pl..."
UCSB05,17,0,0,0,0,0,0,"Yeah, I've only been here four years myself. And there's a surprising amount of stuff. Yeah, it's [department redacted]. So it's [website redacted] that's their website check it out...."
UCSB05,18,1,1,0,0,1,0,"So the learning goal, the stated learning goal for, say [course redacted] is to understand the different issues surrounding the use of big data in society today and more specifically income research, which is why we talk..."
UCSB05,19,1,0,0,0,1,0,"Yeah. So, in this course, in [topic redacted], we certainly spend a lot of time discussing the ethics of data collection, data use. And, you know, more to the point data misuse. So that's really very explicitly talked ab..."
UCSB05,20,0,0,0,0,0,0,"Well, just in the last year or so, we've started the Data Science Initiative on campus. And there's a push to turn that into a major eventually. So there's certainly been a cultural shift. When I joined the faculty four ..."
UCSB05,21,0,0,0,0,0,0,"Yeah, there's a real, you know, what's the word I'm looking for, demand for those courses from the social sciences, especially the grad students...."
UCSB05,22,0,0,0,0,0,0,"Well, if you guys ever need more instructors please reach out. I’d be happy to help out...."
UCSB05,23,0,0,0,0,0,0,"Yeah, I mean one of the courses I teach [redacted], which is open to everyone on campus so anyone can take that and it's highly impacted. And that just goes to speak to what you just said, you know, everyone wants to lea..."
UCSB05,24,0,1,0,0,0,1,"I usually have a TA in any class that’s over 60 students. If they have the budget for it, they will give us TAs. So, I did have a TA help me out in this class and you know their duties are really mostly grading and holdi..."
UCSB05,25,0,0,0,0,0,0,"I know, that's another topic of discussion, that's a totally different time. UCSB has huge classes, and they're only getting bigger...."
UCSB05,26,0,0,0,0,0,0,"Yeah. Again I don't have a big sample of students to, you know, talk about here, given this is a new course. But I have, and I'm sorry I maybe I misunderstood your question, but I did not see students go outside of class..."
UCSB05,27,0,0,0,0,0,0,"Right. I've had a couple of students express interest but literally just two students interested in taking courses like that after. I've recommended, you know, paths that they could take, you know what courses to take. I..."
UCSB05,28,0,1,0,0,0,1,"Absolutely, and then, I've had a couple of students take like directed research courses with me. Where you know we can set our own agenda. It's kind of like a, what's the word, yeah, directed research. Where we sit down ..."
UCSB05,29,0,1,0,0,0,1,"I mean it's a combination of they're too busy and they don't really know where to go. Yeah, but you know whenever they ask, I am happy to help. In fact, I actually put it in my syllabus that if they ever want to learn th..."
UCSB05,30,0,0,0,0,0,0,"Yeah, and also because I, the nature of the classes that I teach, have kept my coding skills, pretty fresh. So, if this is working with data and coding with data is something that I do on a very very regular basis, both ..."
UCSB05,31,0,0,0,0,0,0,"Yes, yes. Having said that, I always keep an eye open to new things that are coming out. I keep up with the literature. I always query my, especially my students who go out and find, you know who go out and work in indus..."
UCSB05,32,0,0,0,0,0,0,"Yes. I found the community here super helpful and willing to share ideas and syllabi and even slides and materials. So, yeah. And I do the same when someone asks, I share my stuff willingly yeah you know that it's part o..."
UCSB05,33,0,0,0,0,0,0,"No everyone's crazy busy here and especially people who are immersed in research. And you know we're a premier research institute, I mean these people are busy and scarily productive, you know like, generating dozens of ..."
UCSB05,34,0,0,1,0,0,0,"I think teaching with data, especially teaching data analysis or data techniques, the training really is about doing the work yourself. Coding is a skill, like playing the piano, you can read books about it but you're no..."
UCSB05,35,0,0,0,0,0,0,"So true, a lot of applied STEM is really about building skill, whether it's programming or using applied math or applied physics. There are theoretical aspects to all of those but the applied stuff is very much skill bas..."
UCSB05,36,0,0,0,0,0,0,"No, I mean, I'm very glad I'm very excited that this activity is on the rise at UCSB. And I think the demand for classes like the workshops that you guys do in the library and courses like this data science course in the..."
UCSB06,1,0,0,0,0,0,0,"Ok so you want to hear about all of my teaching, not just the class that has to do with data?..."
UCSB06,2,0,0,0,0,0,0,"Okay well I guess just more generally speaking, I have been teaching at UCSB since [year redacted] and I taught a couple of other places before that as I was finishing my PhD and just afterwards. I am in the Department o..."
UCSB06,3,0,0,0,0,0,0,"Well oddly, you know, a lot of my teaching doesn’t line up directly with my research and that's kind of an artifact of a couple of things that's a little bit unusual in our department typically. It’s more typical that fa..."
UCSB06,4,0,0,0,0,0,0,"Yeah sure. My primary area of research has to do with [research topic redacted]. I’m looking at the social impacts and implications that they have. More particularly within that, I have established a thoroughly long rese..."
UCSB06,5,1,1,1,1,1,0,"Ok. So now I’m going to switch to talking about my [course name redacted] class which is, this is a statistics - it’s [course name redacted] for the social sciences. It's in the department of [department redacted], it se..."
UCSB06,6,0,1,1,0,0,0,"It used to be in the old days, we had the computer labs that we were using preloaded and so there was just a folder on the lab computers that the students would open up each week. Because of GauchoSpace, I just make the ..."
UCSB06,7,0,1,0,1,0,0,"No, not in this class. In my department, we do have [course level redacted] thesis in which they do independent research, well they're mentored by faculty, but they come up with their own research question, they collect ..."
UCSB06,8,0,1,1,1,0,1,"You know, in this case, and because we’re different from other fields that might have kind of common data sets that people, you know, might be able to access. I mean, certainly that’s a possibility for our students, but ..."
UCSB06,9,0,1,0,0,0,0,"We do in the early part of that class, SPSS, we have them produce histograms, line graphs, you know, you can do box plots, you know, it has within SPSS, it has its own kind of data visualization. Nothing fancy. And the c..."
UCSB06,10,0,1,0,0,0,0,"Zero. Well, not zero. I tell them the first day that if, you know, most of them are worried about the class because, you know these are not engineering majors, these are not even economics majors, these are social scienc..."
UCSB06,11,1,1,1,0,1,0,"Okay yeah, that’s just, you know the tool just follows whatever, our use of tool just follows whatever concept we’re studying. So for example, the first week is we introduce them to this hypothetical data set and we have..."
UCSB06,12,0,0,1,0,0,0,"Yeah R, SASS, I think there are many, many others out there. I mean you could probably do most of what we do in Excel. I don’t know how to do it personally, but I can probably figure it out...."
UCSB06,13,0,0,0,0,0,0,"I think the fear is the biggest one and just getting students to actually do their work. That's not specific to a data class, it’s any class, but the students that I find who struggle the most are the ones where it turns..."
UCSB06,14,1,1,0,1,1,0,"Ah okay. Well in my field, which is similar to a lot of social sciences, there are kind of two sides or two approaches to research - more qualitative approaches and more quantitative approaches. Historically, my departme..."
UCSB06,15,1,0,0,0,1,0,"Yeah actually, very much so. The first day of class, I kind of go through like you know a lot of you out there are probably wondering why do you have to take [course name redacted]. “II want to major in [discipline redac..."
UCSB06,16,1,0,0,1,1,0,"Yeah, I mean not so specifically. I say you know a lot, if you want to be….like I try to work within the majors that, or sorry, the careers that [discipline redacted] majors tend to gravitate towards, [redacted professio..."
UCSB06,17,0,1,0,0,0,0,"Yeah, one thing that I have noticed and this isn’t in my own teaching, but I thought it was interesting, so the class that I teach - there isn't - is not the only class that's a [course name redacted] that also fulfills ..."
UCSB06,18,1,0,0,0,0,0,"...not sure what that question is getting to. All of our data pretty much involves human subjects, so we get human subjects approval. This is for our research though. Teaching...the only thing that comes to mind with qua..."
UCSB06,19,1,0,0,0,0,0,"...and these are not real peoples’ responses. So, for the [course level redacted] honors project they go through human subjects training and they have to get approval. We follow all ethical guidelines for conducting rese..."
UCSB06,20,1,0,0,0,0,0,Those are just datasets that are anonymized. There are no names associated. The faculty member who also has human subjects training in general for his own research is never seeing the names of anyone. Literally like a sp...
UCSB06,21,0,1,1,0,0,0,"In our courses they lead sections and so in my data, in my classes that do data analysis they are… they go over the homework problems with students and help them understand because students do data analysis by hand there..."
UCSB06,22,0,1,0,0,0,0,"So, we have… so whenever I get new TAs I meet with them and I ask them about their own you know experience, comfort level, familiarity with SPSS and all of that. I give them access if they don't already have access to SP..."
UCSB06,23,0,0,0,0,0,0,"So, we have sections weekly and it depends on our enrollment. For every 75 students we get we get one TA. So right now I have a class of 75, I have one TA. But that one TA teaches three sections. So, in other words, the ..."
UCSB06,24,0,0,0,0,0,0,It’s offered either [range redacted] times a year. So this year it is offered [number redacted] times. I think that my department has kind of … it used to be offered [number redacted] and now we're offering it all [numbe...
UCSB06,25,0,0,0,0,0,0,"I think that would just be on an individual interest basis and only if the students chose to share that with me would I have any insight into that. So, maybe...."
UCSB06,26,0,0,0,0,0,1,"Nah. You know, it’s not the sort of thing a lot of students would share, and by the way, our classes are huge. So, we don’t really get to know our students. Sadly its one of my biggest frustrations with the university. Y..."
UCSB06,27,0,0,0,0,0,1,"I mean if a student did come to me, and if they were to say… actually, a lot of my grad students do that. They say, “This intro course has really got me excited about stats, how can I go learn more about this” and if an ..."
UCSB06,28,0,0,0,0,0,1,"Yeah, here and there I have. I think that it's actually sort of tragic that we don't have more opportunities to do this cause statistics have changed since I was in grad school in [year redacted]. There are a lot of comm..."
UCSB06,29,0,0,0,0,0,0,I would say I do both. Like the class... I inherited these materials when I started teaching his class from others and because I felt they worked well I kept them. If I didn't feel they worked well I would have looked fo...
UCSB06,30,0,0,0,0,0,1,"I think that the workshops are good and I think that they should continue. I've just been frustrated that the timing, literally I don't know what it is, but the timing has never worked out. I do think it would be nice if..."
UCSB06,31,1,0,0,0,1,0,"For me I think that a number of students, or the type of students I teach, that is students who are not gravitating towards the physical sciences or math majors or engineering, so in other words, I’m talking more about t..."
UCSB07,1,0,0,0,0,0,0,"Okay, so, yes so, do you want me to tell you whether. So, what are the regular, what is the regular practice that I do without covid during the pandemic and now...."
UCSB07,2,0,1,0,0,1,0,"so, teaching, the teaching that I've done is mostly on research methods in [field redacted], the students do not necessarily have a background in statistics. I touch upon like basic basic concepts of survey research and ..."
UCSB07,3,0,0,0,0,0,0,"So, the title of the course is [course title redacted] and this is an [course level redacted] class that students need to take, this is an obligatory course of a series. They have to choose different methods classes and ..."
UCSB07,4,0,0,0,0,0,0,"Yes, so, there are like about like five or six classes in some methods that teach the students have to choose to take. And one of those methods classes is the one that I teach, which is a survey of method so, we do quant..."
UCSB07,5,0,1,0,1,0,0,"so, in the other undergrad course that I teach, I show them different databases that are available to the social science research. And I asked them to engage with one in particular that is called the General Social Surve..."
UCSB07,6,0,1,1,1,1,0,"Yes, so, the General Social Survey is actually very friendly and then they already provide, their website already provides ways to construct tables. And so, I, what I do is I have TAs and they teach the students how to c..."
UCSB07,7,0,0,0,1,0,0,"No, no, this is an exercise that they do using a survey that was conducted by, that is out there, called the General Social Survey...."
UCSB07,8,0,1,1,1,1,0,"And the idea is that they, they learn, first of all, how to, how to get access, they will have to have access to these. So, to handle these types of datasets that have a lot of variables. These General Social Surveys hav..."
UCSB07,9,1,1,0,0,0,0,"Yes, what I asked him to do this is, there is a section on survey research. And what I ask them to do first of all is to test, to create a questionnaire the idea is to design and test the questionnaire by conducting abou..."
UCSB07,10,1,0,0,1,1,0,"No Well, the idea is for, for them to realize that sometimes we think that our question is very clear and everyone is understanding the question in the same way. And when you go out to the field and you start to ask that..."
UCSB07,11,1,1,1,1,1,0,"I guess, these, these exercises are complimentary. So, the first one, the first one requires skills of how to handle databases. So, the first one requires, the first one is designed for them to learn how a questionnaire ..."
UCSB07,12,1,0,0,1,0,0,"Now before they, they just go like usually the final tests that they do to conduct the same in the same university or in the inner neighborhood. So, the pilots they conduct with people they know and then when they collec..."
UCSB07,13,0,1,1,1,0,1,"Yes, for undergrads because they, it's very uneven, the levels we have when they come to my class. What I teach them in class is to use a platform that is already available online. Which is basically, I, I use the Genera..."
UCSB07,14,0,0,0,0,0,0,"So, when they do the survey, when they're collecting the data, it's more, the exercise is more focused on survey design and questionnaire design, it's less about analyzing the data. It's more like piloting a questionnair..."
UCSB07,15,0,0,0,1,1,0,"And the test, it is a representative sample of the US, and they have information for every year like since a long time ago. So, actually, they can see changes like because it changes for a period of time, it's, it's a ve..."
UCSB07,16,1,1,0,1,1,0,"Most of them, they don't know how to use the General Social Survey. Not all the students have, most of the students do not have experience with data sources like these. So, I start from scratch, I show them what is the q..."
UCSB07,17,1,1,1,0,1,0,"Yes. Yeah, but I know now that many of them don't know how to use it. And sometimes I ask that they have to do that because the graph that the platform provides sometimes has categories that shouldn't be there, based on ..."
UCSB07,18,0,1,1,1,0,0,"Well, I have changed over time like this is the last iteration of it. Yeah, the last iteration. At the beginning I thought I could show them a little bit of programming and that didn't work. Obviously because you need mu..."
UCSB07,19,0,0,0,0,0,0,"Well for this class in particular because it's a survey of methods. You don't have to go deeper into using data. It would be great if the students could already know how to program, how to use statistical packages. But I..."
UCSB07,20,0,0,0,0,0,0,"I think they are not very experienced in using data, I think that, I don't know maybe it's because it's [field redacted] and people think that in [field redacted], you will not be required to do these kinds of things lik..."
UCSB07,21,0,1,0,0,0,0,"But probably they don't know that and one of the problems that I think that I've come to realize is that this shouldn't be an upper division class, it should be a lower division class, so, that people can choose how come..."
UCSB07,22,0,1,0,0,1,0,"Yes. So, what I was telling you is that this class that I'm teaching, I think should be a lower division class instead of an upper division class. Because when you have freshmen and then you show them like the different ..."
UCSB07,23,0,1,0,0,0,0,"So, so, I think that they need to be exposed early on in their careers to all the options that they have, because if they do it the way that it is right now, they just, they don't take the courses that need to be taken i..."
UCSB07,24,1,0,0,0,1,0,"Yes, because right now it's, everything has a certain degree of bias towards qualitative methods and qualitative methods are geared to answer some questions but not all, and [field redacted] includes a bunch of other thi..."
UCSB07,25,1,1,0,1,1,0,"Right now I'm personally trying to… I've been trying to redesign this course so, much so, that they are interested, and they can see the usefulness of learning these types of methods in their own lives. When they read fo..."
UCSB07,26,1,0,0,1,1,0,"Statistical skills, so, this class in particular is not designed for that. Like, at most, what I can do is to tell them okay if you are exposed to, if you read in the newspaper or if you are exposed to... Well, if you se..."
UCSB07,27,1,0,0,0,1,0,"It's more like if you hear a news story, if you see a study like, what does that data represent? Or if you hear or post a survey, how are they conducted, what are they saying, what is the scope of the study? Like those t..."
UCSB07,28,0,0,0,0,0,1,"At our institution, I don't think so. No, no, no, no. Right now I will try to push, just for example like to try to do this class instead of upper division, lower division because I think that is important. I will push f..."
UCSB07,29,1,0,0,1,0,0,"With teaching, well, all the data that I use in class is data that is publicly available. When they collect the data they do it anonymously and I ask them to do the IRB training. To all my students I asked them to do tha..."
UCSB07,30,1,1,1,1,0,0,"Yeah, so, basically the TAs. So, the first part of the course, I ask them to teach the students how to learn basically the platform of the General Social Survey. So, first of all the TAs help me to define the research qu..."
UCSB07,31,0,1,0,0,0,0,"I mean, I've been changing that a lot. I have been teaching this class now for three years and the class looks very different than it did at the beginning. So, my communication with the TAs, I basically teach them becaus..."
UCSB07,32,0,1,0,0,1,1,"so, it depends also on the TA, some kids are more independent but I usually like to talk to them and ask them. So, what are the issues with the students, if they are understanding the material. And over the years, what I..."
UCSB07,33,0,1,0,0,0,1,"Um, I don't think that for this course they require that but some students struggle more than others for sure. Some students, and that is a problem with this course like some students really, really, really know like the..."
UCSB07,34,0,1,1,0,0,1,"Actually what I've been developing right now. Now with the coronavirus and I think that it's been very useful. I've developed for example, many videos on how to use Excel, and then I go, this is the way Excel works. And ..."
UCSB07,35,0,0,0,0,0,0,"Yeah, right now I'm actually thinking of changing. Well, it will change because now it's going to be an online hybrid course. I think that for the following term when there's no coronavirus, I will still rely on that cou..."
UCSB07,36,0,1,1,0,0,1,"Teaching with data. Well, I just took, not specifically with data, I haven't taken a lot of courses here at UCSB in instructional development of how to teach, pedagogical strategies. So, I took in the summer through the ..."
UCSB07,37,0,0,0,0,0,0,"Based on the level of the students. With the pandemic it has been, it has been a little bit challenging...."
UCSB07,38,0,0,0,0,0,0,"Yeah so, many of my colleagues, I studied grad school at [institution name redacted] so, we share like, we do a lot of methods classes. Actually like most of my classmates at [institution name redacted] when I was a grad..."
UCSB07,39,0,0,0,0,0,0,"Yes, and also from my previous instructors like the classes that I took at [institution name redacted]. So, they had incredible instructors there, and teachers and so, I use their syllabi and then I adapt. Also I take fr..."
UCSB07,40,0,1,1,0,0,1,"Oh, yes, yes, yes, yes. A lot! Well, yeah, for example, so, there are different methodologies, statistical methodologies that I would like to learn how to implement and there are new ways of implementing those. Using new..."
UCSB07,41,0,0,0,1,1,1,"No, I think one of the challenges and this, this has been something very useful right now, I took the [conference name redacted] and they gave fellowships to the people that took the course in order to develop our course..."
UCSB08,1,0,1,1,1,1,0,"Sure, so I teach a statistics course for the [department redacted] in the [level redacted]. So, most of the students are probably in their sophomore year, transfer students probably in their junior year. And it's actuall..."
UCSB08,2,0,1,1,1,1,0,"Previously I've only given them data sets. The reason being is because they have a weekly assignment that's do every week and it's really intensive grading for the teaching assistants and so it's much, I think, easier fo..."
UCSB08,3,0,1,0,1,0,0,"So, usually, I post the data sets up on Gauchospace. So, for example, I posted one up on the first week of this quarter and they've had a reading associated with it so the students read the empirical paper, I posted the ..."
UCSB08,4,0,1,0,1,0,0,"I think it's pretty easy. I mean like I said, in the past I've made up some data and sometimes I've used some of my own data prior to teaching here at UCSB. But this quarter I approached faculty members and said, this is..."
UCSB08,5,1,1,1,0,1,0,"Sure. So, we actually use data in two ways. So, in the lectures I actually walked through how to hand calculate statistics and more of the conceptual background for a particular statistic like a T test for example. And I..."
UCSB08,6,0,0,0,0,0,0,"We use Excel sometimes to help with graphs and developing charts and graphs and line graphs and so forth, but mostly we use R. Previous to coming to UCSB, at my previous university I taught SPSS to students but since bei..."
UCSB08,7,0,1,1,0,1,1,"I think when it comes to R they learn everything in the lab section. So, I think they learn everything in this course, my understanding is that they haven't had that exposure in a previous stats class. In fact, I’ve been..."
UCSB08,8,1,0,1,1,1,0,"I think, well one of them I think is for students to move beyond thinking that data and statistics is just math. So, I think that's a hurdle that I try to overcome quite often to get a sense of it's more than math and th..."
UCSB08,9,1,0,0,1,0,0,"Well, I think, I mean thinking critically as a big one in [major redacted] and I think [major redacted]is, I mean it's science and so I think any science field has data associated with it. That might be a hurdle that we ..."
UCSB08,10,1,1,1,1,1,0,"I think the critical thinking part in my class comes with the interpretation so everybody, if everybody's running the same analysis, for example, everybody's running a T test for the same data set everybody gets the same..."
UCSB08,11,1,0,1,0,1,0,"So yeah, so, there's a couple skills, one is being able to see data represented visually so graphs, tables, charts, and being able to interpret that data is important. I also try to teach students that the onus is on the..."
UCSB08,12,0,0,0,1,0,0,"I don't know if they're changing so much the way, I mean previously like I mentioned I was using made up data sets about kind of silly [field redacted] related examples, perhaps. But this quarter moving to using real [fi..."
UCSB08,13,1,0,0,0,0,0,"I mean, speaking for myself, because I don't have students go out and collect data, it's very different so they're not interacting with participants, they're not asking each other questions. They're working with previous..."
UCSB08,14,0,1,1,0,0,1,"Not so much in this class because it really is an introduction to statistics. So, it is kind of a baseline level class and because I have so many TAs. There's quite a bit of knowledge among the graduate students from [de..."
UCSB08,15,0,0,0,1,0,0,"I think there's well in the [department redacted] students can be research assistants, undergrad students can be research assistants and a faculty members lab. And that seems to me to be the next place where they get som..."
UCSB08,16,0,0,0,0,0,0,"No, haven't used that much in my class. I mean, I feel like the classes so packed with work for the students that I'm not sure even if I recommended something like that, particularly now I think the students are totally ..."
UCSB08,17,0,0,0,0,0,0,"I think it probably started in graduate school at some really excellent statistics teachers in graduate school and when I finished my PhD. I can't remember what it was, I had taken so many stats classes that I had some s..."
UCSB08,18,0,0,0,0,0,0,"Yeah, so maybe, maybe not so much, I’m trying to think. So, when I first got to UCSB, when I first came to UCSB I did borrow resources from faculty in my department who had previously taught the course just to get a sens..."
UCSB08,19,0,0,1,0,0,1,"Um, well I think, I don't know how other fields are but in [field redacted], I know that R is the fastest growing software currently, and I wasn't trained in R, so I was trained a long time ago and I was trained in SAS a..."
UCSB08,20,0,1,1,0,0,0,"I mean, I think maybe some, I mean I've been teaching it so long that I feel like it comes kind of second nature. But I remember initially when I first started teaching statistics I didn't realize how tentative students ..."
UCSB08,21,1,0,0,0,1,0,"I don't think so. I mean, I think, in our field, [department redacted], I think data is used in almost every class that's taught. So, I do think that our students get a lot of exposure to it, which I think is great. And ..."
UCSB09,1,1,1,0,1,1,1,"Okay. So, my background is in [major redacted]. My PhD is in [field redacted]. And after my PhD I went and did three years of work at the [organization redacted]. So, my interests are in development training as a quantit..."
UCSB09,2,0,1,0,0,0,1,"We also have graduate students. So we have, we have had a master's program for a long time. And by the way, I should say I've been doing this since [year redacted]. So we've had a master's program since [year redacted], ..."
UCSB09,3,0,1,1,1,0,1,"Oh, yeah, so what I do, honestly is I get the data myself from whatever source, whether it's the world development indicators or some research project that I'm working on, you know, because I'm always working on some dat..."
UCSB09,4,0,1,1,1,1,1,"So, there's the world development indicators. That's the World Bank right. UNDP has data on a lot of things but it tends not to be particularly well organized. So, for teaching I don't take the time to use UNDP very ofte..."
UCSB09,5,1,0,0,0,0,0,I try to avoid doing anything related to students on Google. I have very serious misgivings about the university using Google for everything and particularly for student records. Because I have every reason to suspect th...
UCSB09,6,1,0,0,1,0,1,"So, so, yes. So, there are very serious data issues that arise when actually trying to do research. So, access issues, right, for teaching I don't need the particularly specialized data for teaching because what I'm tryi..."
UCSB09,7,1,1,1,0,1,1,"No, they use only Excel. You know my philosophy of teaching students to work with data is that, you know, the actual data manipulation is the easy part. And you know that you can sort of pick up in all kinds of ways with..."
UCSB09,8,0,0,0,0,0,0,"Maybe I need to learn, learn more about it but I find the operations for analysis a little bit rudimentary...."
UCSB09,9,0,1,0,0,0,0,"No, no I can't. They just don't have that familiarity. In my department we have people who approach the world through literature, through languages so there just isn’t that experience. The only thing I will not teach the..."
UCSB09,10,1,1,1,0,1,1,"Well, yeah so, I wouldn't say that it's very easy to get them to manipulate the data. I'm just saying relative to... You see what I was reacting to, you know students will often come to me and say, “I want to learn to us..."
UCSB09,11,0,1,1,0,0,1,"Exactly. Exactly. Exactly. And to be honest, I have not tried anything other than spoon feeding them on how to use the software right. I know that there's things on lynda.com etc. where I could say you go learn Excel and..."
UCSB09,12,0,0,0,0,0,0,"So yeah. I think that's something that, you know, we really should address as a campus in some ways, which is this, this two cultures problem...."
UCSB09,13,1,1,0,0,1,1,"So, I don't know if you're familiar with C.P. Snow and his two cultures essay, it’s from the 1960s, but it's basically this idea that you know you've got the, the quantitative technical social scientists who imagine them..."
UCSB09,14,1,0,0,0,1,1,"Sure. So, I'll talk about [discipline redacted], because frankly my department has more or less rejected quantitative social science. There just isn't any offered there if you read the journals, it's not there. If you lo..."
UCSB09,15,1,0,0,0,1,0,"Yeah. So, so there's, you know there's two things here there's the data, and there's the results of the data analysis. So, when I say the data, I mean, you know, the starting numbers that go into the analysis where do th..."
UCSB09,16,1,1,0,0,1,0,"So, start out by making sure they understand that all numbers are constructed and emphasize to them that that doesn't mean numbers are useless which is unfortunately what they get from some people, but rather that one mu..."
UCSB09,17,1,0,0,0,1,0,"So, we go through lots of examples of reverse causality, lots of examples of omitted variables, biases, lots of examples of just spurious correlations. You know, I find that humorous examples help a lot. So, you know, th..."
UCSB09,18,0,1,1,0,0,1,"There was one set of changes with the scheduling of the computer labs. So, I don't know exactly how this happened, and this is a story from about two years ago because I was on sabbatical last year. And then this year I ..."
UCSB09,19,0,1,0,0,0,1,"There's been, ever since the financial crisis, there was a migration of students from the qualitative social sciences and humanities into the quantitative Social Sciences and the STEM fields. And that has put tremendous ..."
UCSB09,20,1,0,0,1,1,1,"No, because you know, when I teach a data I'm usually teaching about, you know, we're making comparisons between countries, and we're thinking critically about the data, and there's no, so at the country level there's no..."
UCSB09,21,1,1,1,0,1,1,"So honestly. You know I don't I don't actually... It's sort of like this right, if you have a student who has done some undergraduate [major redacted] and has, you know, has operated some software and run some regression..."
UCSB09,22,0,1,1,1,1,1,"The best resource is actually a double major in a quantitative social science or in a STEM field. Because, look really this is the sort of like learning to work with data, it's something that you have. It's a craft. And ..."
UCSB09,23,1,0,0,0,1,1,"So, so I learned to do statistical analysis in graduate school. And I learned, you know, so I learned a lot by, so I went through the sequences, went through a lot of seminars etc. that was always very useful. The two gr..."
UCSB09,24,0,0,0,0,0,0,"And so that that's actually the best, those are some of the best examples for me...."
UCSB09,25,0,0,0,0,0,1,"No, I can't. I can't because the people I collaborate closely with are in [discipline redacted], and they can expect their students to know some things. So, their assignments simply wouldn't work for my students. And as ..."
UCSB09,26,0,1,0,0,1,1,"Honestly I've never really needed to do that. I mean I've done this enough that I've sort of got a knack for it. You know there are, every once in a while, I run across something on YouTube where there’s somebody who's a..."
UCSB09,27,0,0,0,0,0,0,"When you say offered, are you talking about courses, are you talking about labs, or are you talking about infrastructure or support structures. What do you mean?..."
UCSB09,28,0,1,0,1,1,1,"Okay, so I've heard, I've heard periodically so there's. Okay, so, you know, my position is you don't teach people to work with data, unless you teach them how to use data to solve problems or to answer questions right, ..."
UCSB09,29,0,1,0,0,0,1,"Yes, I think in addition to this, so that I've talked about two different pedagogical models here the one I was just talking about is you can have a minor, where students who want to get serious with this stuff self-sele..."
UCSB09,30,0,0,0,0,0,1,"No, not at all. I just feel like we are depriving a lot of our students from things that their more privileged peers are getting, and then we try to put a band-aid on it and it’s not working...."
UCSB10,1,1,0,0,1,1,1,"Okay. So, my research mostly uses either survey data or cross national administrative data. So, it's big data sets. And I use almost all quantitative methods. And so that's what I teach, and I’m actually one of the few p..."
UCSB10,2,1,1,0,1,0,0,"Well, there is another one that I use a lot for teaching which is a world value survey that is where they can draw data from about 70 different countries. It has less demographic information and more attitudinal, so if y..."
UCSB10,3,0,1,0,0,0,1,"So, in our department the methods classes are limited to 60. Most other classes are like 100, upper division. But they have sections and the sections are limited to 15 so there's two TAs. And each TA has two sections of ..."
UCSB10,4,1,1,1,1,1,1,"Yeah. Unfortunately, I cannot expect any prior knowledge so I teach them step by step how to use SPSS. SPSS is what we're using, statistical package for the social sciences. And the reason that we use that, I mean that's..."
UCSB10,5,0,0,0,0,0,1,"Yeah, the labs have been, I mean I don't know if you want to know about this but the labs, it's been very difficult to work in those labs. In that particular lab, I've just, and it's not the fault of the student employee..."
UCSB10,6,0,0,1,1,0,0,"SPSS, it's just, you know, learning to use a new program is hard and some students you know have a mental block and they think they can't do it and so. But, yeah, for the most part, I'd say 90% of students by the end of ..."
UCSB10,7,0,1,0,0,0,0,"The thing is, I mean I can say one thing about I'm, I'm teaching this quarter remote and actually with grad students so it might not be the same, but I feel like the remote, I mean the zoom sharing of the desktop actuall..."
UCSB10,8,0,0,0,0,0,0,Yeah. So there are things that I think we will retain from our remote instruction....
UCSB10,9,1,1,0,1,1,0,"Yeah, I try to replicate the research process and give them a sense of what sociologists do so that's the part of it. And I try to sort of allow them to take some, you know, address their kind of [discipline redacted] im..."
UCSB10,10,0,0,0,0,0,0,"I mean, No, I think, I mean, the minority will go to grad school in [department redacted], but it would certainly be useful for someone who did. Having that knowledge when they come to grad school. But, yeah, a lot of st..."
UCSB10,11,0,0,0,0,0,0,"Oh, I don't really have issues of confidentiality. The data I'm using are not, you know, they are very anonymized. I mean, the only thing is you know students' self-esteem or, you know, students’ feelings of frustration...."
UCSB10,12,0,0,0,0,0,0,"Well, I think that, you know, in general, there's an awareness of, you know, [topics related to the department redacted], I mean all of these things are sort of rising to the, to the forefront of our cultural discourse r..."
UCSB10,13,0,0,0,0,0,1,"Yeah, no I mean just a TAs and it's fine. I feel like I have enough teaching support as I said, it's more that I would like to have more technical support. But you don't always know when you're going to need it and I can..."
UCSB10,14,0,0,0,0,0,1,"Yeah, exactly they have to reboot the computers and that takes like 10 minutes and, yeah. So anyway, it's just a kind of a, that's been a bit of a struggle...."
UCSB10,15,0,1,0,0,0,0,"I think sections, they answer questions, they allow students to work on their projects and they just kind of go around and help. So, they meet in a computer lab as well...."
UCSB10,16,0,1,0,0,0,0,"Oh no, not in sections. I know sometimes the TAs will kind of give a little mini lecture that kind of tries to re-explain what I explained in the lecture...."
UCSB10,17,0,0,0,0,0,0,"Well, I certainly have, you know, learned other software. And I've sort of, I mean just through my research. But yeah, I haven't taken courses in how to teach quantitative methods or anything. Yeah, I'm not aware of thos..."
UCSB10,18,0,0,0,0,0,0,"Yeah, when I've had other colleagues who are going to teach a similar course, I share my syllabus and I share my, you know some of my course materials. And I was gonna say something but I've forgotten what it was...."
UCSB10,19,0,0,0,0,0,0,"Well I guess I would say, I would share if people asked, I think I might have shared with some colleagues at [institution redacted], that we've exchanged syllabi. But yeah, I don't put them online or publish them or anyt..."
UCSB10,20,0,0,0,0,0,0,"Yeah there is that, so there are sort of teaching resources that are collected by the American Sociological Association that people can, like if you're going to teach a course on X, you can sort of look at a collection o..."
UCSB10,21,0,0,0,0,0,0,I haven’t used it myself that much but I think junior colleagues have found it helpful. Also the department collects syllabi and so if you’re going to teach a course like you can go to the department and say can I see so...
UCSB10,22,0,0,1,0,0,0,"Yeah, I mean, learning new methods, learning new software is always good and I mean I think through the [center redacted] I also familiarize myself with new methods and new data sets. There's another, another way that da..."
UCSB10,23,0,0,0,1,0,0,"Yeah, so on Gauchospace, I have a link to that for, particularly my grad students, and I encourage them to search for data that way. So if they're interested in, you know, [topic redacted], you know they can, they can fi..."
UCSB10,24,0,1,0,1,0,0,"Yeah, I use that a lot. I mean, both myself but also, you know, whenever grad students are asking and do I know of any data on X, I say well have you checked here. Right. So about half my students end up downloading data..."
UCSB10,25,0,0,0,0,0,0,"Yeah, I've had a lot of students go to that and the [center redacted] funds some grad students to go to that every year...."
